URN,SchoolName,LocalAuthority,County,Postcode,Attainment8,Year,LSOA,District
146501,Astrea Academy Dearne,Barnsley,South Yorkshire,S639EW,39,2021-2022,Barnsley 022B,BARNSLEY
131749,Barnsley Academy,Barnsley,South Yorkshire,S703DL,40.8,2021-2022,Barnsley 018A,BARNSLEY
130524,Barnsley College,Barnsley,South Yorkshire,S702YW,6,2021-2022,Barnsley 013B,BARNSLEY
146320,Darton Academy,Barnsley,South Yorkshire,S755EF,51,2021-2022,Barnsley 005C,BARNSLEY
144606,Holy Trinity Catholic and Church of England School,Barnsley,South Yorkshire,S712LF,42.8,2021-2022,Barnsley 007E,BARNSLEY
146455,Horizon Community College,Barnsley,South Yorkshire,S706PD,51.5,2021-2022,Barnsley 012F,BARNSLEY
140979,Kirk Balk Academy,Barnsley,South Yorkshire,S749HX,50.6,2021-2022,Barnsley 028B,BARNSLEY
143907,Netherwood Academy,Barnsley,South Yorkshire,S738FE,39.3,2021-2022,Barnsley 023B,BARNSLEY
139210,Outwood Academy Carlton,Barnsley,South Yorkshire,S713EW,43.5,2021-2022,Barnsley 002B,BARNSLEY
139211,Outwood Academy Shafton,Barnsley,South Yorkshire,S728RE,42.5,2021-2022,Barnsley 003B,BARNSLEY
106653,Penistone Grammar School,Barnsley,South Yorkshire,S367BX,60.1,2021-2022,Barnsley 016D,BARNSLEY
106965,The Robert Ogden School,Barnsley,South Yorkshire,S630BG,0.8,2021-2022,Barnsley 014F,BARNSLEY
141563,Springwell Special Academy,Barnsley,South Yorkshire,S712AY,13.3,2021-2022,Barnsley 007E,BARNSLEY
138314,Armthorpe Academy,Doncaster,South Yorkshire,DN32DA,41.4,2021-2022,Doncaster 014B,DONCASTER
137066,Ash Hill Academy,Doncaster,South Yorkshire,DN76JH,43.1,2021-2022,Doncaster 006B,DONCASTER
146370,Astrea Academy Woodfields,Doncaster,South Yorkshire,DN48ND,30.1,2021-2022,Doncaster 028A,DONCASTER
138116,Campsmount Academy,Doncaster,South Yorkshire,DN69AS,37.5,2021-2022,Doncaster 002G,DONCASTER
135942,De Warenne Academy,Doncaster,South Yorkshire,DN123JY,50.1,2021-2022,Doncaster 035C,DONCASTER
137472,Don Valley Academy,Doncaster,South Yorkshire,DN59DD,48.6,2021-2022,Doncaster 012D,DONCASTER
137842,Hall Cross Academy,Doncaster,South Yorkshire,DN12HY,50.6,2021-2022,Doncaster 019D,DONCASTER
136672,The Hayfield School,Doncaster,South Yorkshire,DN93HG,57.2,2021-2022,Doncaster 038A,DONCASTER
106812,Hill House School,Doncaster,South Yorkshire,DN93GG,41.4,2021-2022,Doncaster 038A,DONCASTER
137899,Hungerhill School,Doncaster,South Yorkshire,DN32JY,51.1,2021-2022,Doncaster 011D,DONCASTER
146639,The Laurel Academy,Doncaster,South Yorkshire,S649SD,45.8,2021-2022,Doncaster 020A,DONCASTER
140865,The McAuley Catholic High School,Doncaster,South Yorkshire,DN33QF,45.5,2021-2022,Doncaster 026E,DONCASTER
140816,North Bridge Enterprise College,Doncaster,South Yorkshire,DN45JW,0.1,2021-2022,Doncaster 019A,DONCASTER
135963,Outwood Academy Adwick,Doncaster,South Yorkshire,DN67SF,44.2,2021-2022,Doncaster 009A,DONCASTER
143938,Outwood Academy Danum,Doncaster,South Yorkshire,DN25QD,41.9,2021-2022,Doncaster 018C,DONCASTER
137603,Ridgewood School,Doncaster,South Yorkshire,DN57UB,48.6,2021-2022,Doncaster 016C,DONCASTER
136675,Rossington All Saints Academy,Doncaster,South Yorkshire,DN110BZ,49.5,2021-2022,Doncaster 036B,DONCASTER
144364,Sir Thomas Wharton Academy,Doncaster,South Yorkshire,DN121HH,45.5,2021-2022,Doncaster 034A,DONCASTER
135007,Trinity Academy,Doncaster,South Yorkshire,DN85BY,42.3,2021-2022,Doncaster 003B,DONCASTER
143916,XP East,Doncaster,South Yorkshire,DN45NG,41.3,2021-2022,Doncaster 019A,DONCASTER
140964,XP School,Doncaster,South Yorkshire,DN45NG,42.6,2021-2022,Doncaster 019A,DONCASTER
142768,Abbey School,Rotherham,South Yorkshire,S612RA,8.6,2021-2022,Rotherham 015E,ROTHERHAM
146571,Abbeywood School,Rotherham,South Yorkshire,S668QN,8.5,2021-2022,Rotherham 018A,ROTHERHAM
136718,Aston Academy,Rotherham,South Yorkshire,S264SF,45.6,2021-2022,Rotherham 026A,ROTHERHAM
136301,Brinsworth Academy,Rotherham,South Yorkshire,S605EJ,48.1,2021-2022,Rotherham 025E,ROTHERHAM
143545,Clifton Community School,Rotherham,South Yorkshire,S652SN,37.3,2021-2022,Rotherham 014E,ROTHERHAM
141730,Dinnington High School,Rotherham,South Yorkshire,S252NZ,44.9,2021-2022,Rotherham 029E,ROTHERHAM
142797,Kelford School,Rotherham,South Yorkshire,S612NU,0,2021-2022,Rotherham 016D,ROTHERHAM
136042,Maltby Academy,Rotherham,South Yorkshire,S668AB,46.7,2021-2022,Rotherham 018F,ROTHERHAM
106966,Newman School,Rotherham,South Yorkshire,S603LX,2.8,2021-2022,Rotherham 023F,ROTHERHAM
140459,Oakwood High School,Rotherham,South Yorkshire,S602UH,48.8,2021-2022,Rotherham 023B,ROTHERHAM
140553,Rawmarsh Community School,Rotherham,South Yorkshire,S627GA,47.3,2021-2022,Rotherham 005D,ROTHERHAM
138329,St Bernard's Catholic High School,Rotherham,South Yorkshire,S653BE,51.3,2021-2022,Rotherham 021C,ROTHERHAM
106962,Saint Pius X Catholic High School A Specialist School in Humanities,Rotherham,South Yorkshire,S637PQ,46.1,2021-2022,Rotherham 002A,ROTHERHAM
143141,Swinton Academy,Rotherham,South Yorkshire,S648JW,43.5,2021-2022,Rotherham 003D,ROTHERHAM
148547,Thrybergh Academy,Rotherham,South Yorkshire,S654BP,36.1,2021-2022,Rotherham 010B,ROTHERHAM
136331,Wales High School,Rotherham,South Yorkshire,S265QQ,52,2021-2022,Rotherham 031C,ROTHERHAM
145848,Wath Academy,Rotherham,South Yorkshire,S637NW,54.6,2021-2022,Rotherham 002E,ROTHERHAM
140646,Wickersley School and Sports College,Rotherham,South Yorkshire,S661JL,53.1,2021-2022,Rotherham 022B,ROTHERHAM
139992,Wingfield Academy,Rotherham,South Yorkshire,S614AU,50.9,2021-2022,Rotherham 009C,ROTHERHAM
141853,Winterhill School,Rotherham,South Yorkshire,S612BD,44.2,2021-2022,Rotherham 015D,ROTHERHAM
138337,All Saints' Catholic High School,Sheffield,South Yorkshire,S22RJ,48.2,2021-2022,Sheffield 043A,SHEFFIELD
131122,Al-Mahad Al-Islami,Sheffield,South Yorkshire,S95FP,49.1,2021-2022,Sheffield 027D,SHEFFIELD
107169,Bents Green School,Sheffield,South Yorkshire,S117TB,3,2021-2022,Sheffield 055F,SHEFFIELD
107168,Bethany School,Sheffield,South Yorkshire,S37PS,55.3,2021-2022,Sheffield 026A,SHEFFIELD
107163,Birkdale School,Sheffield,South Yorkshire,S103DH,72.7,2021-2022,Sheffield 036A,SHEFFIELD
143963,The Birley Academy,Sheffield,South Yorkshire,S123BP,40.8,2021-2022,Sheffield 076D,SHEFFIELD
147788,Bradfield School,Sheffield,South Yorkshire,S350AE,48.2,2021-2022,Sheffield 008A,SHEFFIELD
138414,Chaucer School,Sheffield,South Yorkshire,S58NH,29.7,2021-2022,Sheffield 009E,SHEFFIELD
145191,Ecclesfield School,Sheffield,South Yorkshire,S359WD,47,2021-2022,Sheffield 004D,SHEFFIELD
138925,Fir Vale School,Sheffield,South Yorkshire,S48GB,29.2,2021-2022,Sheffield 022D,SHEFFIELD
139334,Firth Park Academy,Sheffield,South Yorkshire,S50SD,42.3,2021-2022,Sheffield 010B,SHEFFIELD
140547,Forge Valley School,Sheffield,South Yorkshire,S65HG,50.1,2021-2022,Sheffield 021E,SHEFFIELD
141495,Handsworth Grange Community Sports College,Sheffield,South Yorkshire,S139HJ,44.6,2021-2022,Sheffield 037C,SHEFFIELD
126705,Heritage Park School,Sheffield,South Yorkshire,S22RU,1.3,2021-2022,Sheffield 043A,SHEFFIELD
145455,High Storrs School,Sheffield,South Yorkshire,S117LH,58,2021-2022,Sheffield 047F,SHEFFIELD
139856,Hinde House 2-16 Academy,Sheffield,South Yorkshire,S56AG,43.8,2021-2022,Sheffield 014B,SHEFFIELD
126712,Holgate Meadows School,Sheffield,South Yorkshire,S57WE,0.7,2021-2022,Sheffield 011E,SHEFFIELD
138841,King Ecgbert School,Sheffield,South Yorkshire,S173QU,56.4,2021-2022,Sheffield 068C,SHEFFIELD
107140,King Edward VII School,Sheffield,South Yorkshire,S102PW,48.8,2021-2022,Sheffield 036B,SHEFFIELD
138545,Meadowhead School Academy Trust,Sheffield,South Yorkshire,S88BR,52.4,2021-2022,Sheffield 064F,SHEFFIELD
140821,Newfield Secondary School,Sheffield,South Yorkshire,S89JP,47.6,2021-2022,Sheffield 064A,SHEFFIELD
138361,Notre Dame High School,Sheffield,South Yorkshire,S103BT,57.8,2021-2022,Sheffield 038C,SHEFFIELD
140415,Outwood Academy City,Sheffield,South Yorkshire,S138SS,44.4,2021-2022,Sheffield 045B,SHEFFIELD
135934,Parkwood E-ACT Academy,Sheffield,South Yorkshire,S58UL,39.7,2021-2022,Sheffield 019D,SHEFFIELD
142912,Phoenix School of Therapeutic Education,Sheffield,South Yorkshire,S23PX,1,2021-2022,Sheffield 043B,SHEFFIELD
107166,Sheffield High School,Sheffield,South Yorkshire,S102PE,17.1,2021-2022,Sheffield 036A,SHEFFIELD
131895,Sheffield Park Academy,Sheffield,South Yorkshire,S21SN,39.8,2021-2022,Sheffield 039E,SHEFFIELD
131896,Sheffield Springs Academy,Sheffield,South Yorkshire,S122SF,38.4,2021-2022,Sheffield 054C,SHEFFIELD
139167,Silverdale School,Sheffield,South Yorkshire,S119QH,63,2021-2022,Sheffield 055A,SHEFFIELD
145274,Stocksbridge High School,Sheffield,South Yorkshire,S361FD,51.7,2021-2022,Sheffield 001B,SHEFFIELD
138069,Tapton School,Sheffield,South Yorkshire,S105RG,60.6,2021-2022,Sheffield 033C,SHEFFIELD
139695,UTC Sheffield City Centre,Sheffield,South Yorkshire,S14QF,38.8,2021-2022,Sheffield 042G,SHEFFIELD
142605,UTC Sheffield Olympic Legacy Park,Sheffield,South Yorkshire,S93TU,47.7,2021-2022,Sheffield 022G,SHEFFIELD
107162,Westbourne School,Sheffield,South Yorkshire,S102QT,64.7,2021-2022,Sheffield 036A,SHEFFIELD
145562,Westfield School,Sheffield,South Yorkshire,S201HQ,43.9,2021-2022,Sheffield 065F,SHEFFIELD
145943,Yewlands Academy,Sheffield,South Yorkshire,S358NN,39.1,2021-2022,Sheffield 009G,SHEFFIELD
134429,Al Mumin Primary and Secondary School,Bradford,West Yorkshire,BD87DA,49.7,2021-2022,Bradford 039J,BRADFORD
145173,Appleton Academy,Bradford,West Yorkshire,BD128AL,39,2021-2022,Bradford 061A,BRADFORD
143112,Beckfoot Oakbank,Bradford,West Yorkshire,BD227DU,39.3,2021-2022,Bradford 012A,BRADFORD
139975,Beckfoot School,Bradford,West Yorkshire,BD161EE,56.1,2021-2022,Bradford 022G,BRADFORD
143114,Beckfoot Thornton,Bradford,West Yorkshire,BD133BH,45.6,2021-2022,Bradford 043A,BRADFORD
142031,Beckfoot Upper Heaton,Bradford,West Yorkshire,BD96AL,38.7,2021-2022,Bradford 030B,BRADFORD
135229,Beechcliffe Special School,Bradford,West Yorkshire,BD206ED,0.5,2021-2022,Bradford 007B,BRADFORD
138087,Belle Vue Girls' Academy,Bradford,West Yorkshire,BD96NA,50.1,2021-2022,Bradford 030A,BRADFORD
107439,Bingley Grammar School,Bradford,West Yorkshire,BD162RS,50.8,2021-2022,Bradford 015A,BRADFORD
135367,Bradford Academy,Bradford,West Yorkshire,BD47QJ,38.4,2021-2022,Bradford 053A,BRADFORD
107461,Bradford Christian School,Bradford,West Yorkshire,BD21BT,34.7,2021-2022,Bradford 024E,BRADFORD
140429,Bradford Forster Academy,Bradford,West Yorkshire,BD48RG,34.1,2021-2022,Bradford 046A,BRADFORD
140204,Bradford Girls' Grammar School,Bradford,West Yorkshire,BD96RB,52.3,2021-2022,Bradford 037B,BRADFORD
107455,Bradford Grammar School,Bradford,West Yorkshire,BD94JP,23.1,2021-2022,Bradford 034C,BRADFORD
142825,Buttershaw Business & Enterprise College Academy,Bradford,West Yorkshire,BD63PX,39.6,2021-2022,Bradford 055E,BRADFORD
147100,Carlton Bolling,Bradford,West Yorkshire,BD30DU,46.8,2021-2022,Bradford 035B,BRADFORD
136198,Carlton Keighley,Bradford,West Yorkshire,BD206EB,40.1,2021-2022,Bradford 007B,BRADFORD
147177,Co-op Academy Grange,Bradford,West Yorkshire,BD59ET,35.8,2021-2022,Bradford 050C,BRADFORD
134140,Darul Uloom Dawatul Imaan,Bradford,West Yorkshire,BD49PH,55.9,2021-2022,Bradford 046D,BRADFORD
135866,Dixons Allerton Academy,Bradford,West Yorkshire,BD80DH,46,2021-2022,Bradford 040B,BRADFORD
130909,Dixons City Academy,Bradford,West Yorkshire,BD57RR,56.4,2021-2022,Bradford 048B,BRADFORD
146198,Dixons Cottingley Academy,Bradford,West Yorkshire,BD161TZ,44.6,2021-2022,Bradford 022G,BRADFORD
137277,Dixons Kings Academy,Bradford,West Yorkshire,BD72AN,57.5,2021-2022,Bradford 041A,BRADFORD
141002,Dixons McMillan Academy,Bradford,West Yorkshire,BD50JD,48.6,2021-2022,Bradford 048C,BRADFORD
138251,Dixons Trinity Academy,Bradford,West Yorkshire,BD50BE,61.1,2021-2022,Bradford 048C,BRADFORD
145499,Eden Springs Girls Secondary,Bradford,West Yorkshire,BD57PE,52.2,2021-2022,Bradford 051B,BRADFORD
136189,Eternal Light,Bradford,West Yorkshire,BD59DH,34.1,2021-2022,Bradford 051C,BRADFORD
136962,Feversham Girls' Secondary Academy,Bradford,West Yorkshire,BD30LT,56.5,2021-2022,Bradford 035C,BRADFORD
134587,The Fountain School,Bradford,West Yorkshire,BD58BP,39.4,2021-2022,Bradford 053C,BRADFORD
107440,Hanson School,Bradford,West Yorkshire,BD21JP,31.8,2021-2022,Bradford 028A,BRADFORD
107428,The Holy Family Catholic School,Bradford,West Yorkshire,BD206LH,35.7,2021-2022,Bradford 007D,BRADFORD
136905,Ilkley Grammar School,Bradford,West Yorkshire,LS298TR,62.7,2021-2022,Bradford 001D,BRADFORD
142590,Immanuel College,Bradford,West Yorkshire,BD109AQ,46.6,2021-2022,Bradford 017C,BRADFORD
107460,Jaamiatul Imaam Muhammad Zakaria,Bradford,West Yorkshire,BD146JX,33.8,2021-2022,Bradford 047E,BRADFORD
142681,Laisterdyke Leadership Academy,Bradford,West Yorkshire,BD38HE,37.7,2021-2022,Bradford 038B,BRADFORD
139995,Oasis Academy Lister Park,Bradford,West Yorkshire,BD87ND,40.1,2021-2022,Bradford 034C,BRADFORD
138099,Oastlers School,Bradford,West Yorkshire,BD47RH,9.7,2021-2022,Bradford 045B,BRADFORD
139474,One In A Million Free School,Bradford,West Yorkshire,BD87DX,33,2021-2022,Bradford 039J,BRADFORD
132217,Parkside School,Bradford,West Yorkshire,BD135AD,42.1,2021-2022,Bradford 031B,BRADFORD
140569,St Bede's and St Joseph's Catholic College,Bradford,West Yorkshire,BD94BQ,47,2021-2022,Bradford 029A,BRADFORD
107395,Titus Salt School,Bradford,West Yorkshire,BD175RH,42.9,2021-2022,Bradford 018B,BRADFORD
142761,Tong Leadership Academy,Bradford,West Yorkshire,BD46NR,38.3,2021-2022,Bradford 057C,BRADFORD
148545,Trinity Academy Bradford,Bradford,West Yorkshire,BD132AS,40.7,2021-2022,Bradford 058F,BRADFORD
136604,Brighouse High School,Calderdale,West Yorkshire,HD62NY,47.1,2021-2022,Calderdale 019A,CALDERDALE
137521,The Brooksbank School,Calderdale,West Yorkshire,HX50QG,47.2,2021-2022,Calderdale 025F,CALDERDALE
107562,The Calder Learning Trust,Calderdale,West Yorkshire,HX75QN,50.7,2021-2022,Calderdale 007A,CALDERDALE
148059,Compass Community School Willow Park,Calderdale,West Yorkshire,HX62BU,9.2,2021-2022,Calderdale 017F,CALDERDALE
139182,The Crossley Heath School,Calderdale,West Yorkshire,HX30HG,72.3,2021-2022,Calderdale 016B,CALDERDALE
140326,The Halifax Academy,Calderdale,West Yorkshire,HX20BA,35.6,2021-2022,Calderdale 010C,CALDERDALE
107585,Hipperholme Grammar School,Calderdale,West Yorkshire,HX38JE,53.7,2021-2022,Calderdale 011C,CALDERDALE
137036,Lightcliffe Academy,Calderdale,West Yorkshire,HX38TL,42.7,2021-2022,Calderdale 015C,CALDERDALE
136788,The North Halifax Grammar School,Calderdale,West Yorkshire,HX29SU,69.9,2021-2022,Calderdale 001D,CALDERDALE
143115,Park Lane Academy,Calderdale,West Yorkshire,HX39LG,25.3,2021-2022,Calderdale 018E,CALDERDALE
137444,Rastrick High School,Calderdale,West Yorkshire,HD63XB,52,2021-2022,Calderdale 024D,CALDERDALE
107583,Rishworth School,Calderdale,West Yorkshire,HX64QA,42.3,2021-2022,Calderdale 027D,CALDERDALE
141307,Ryburn Valley High School,Calderdale,West Yorkshire,HX61DF,49.3,2021-2022,Calderdale 020C,CALDERDALE
107564,Todmorden High School,Calderdale,West Yorkshire,OL147DG,49.6,2021-2022,Calderdale 013E,CALDERDALE
144946,Trinity Academy Grammar,Calderdale,West Yorkshire,HX62NW,38.6,2021-2022,Calderdale 017B,CALDERDALE
136094,Trinity Academy Halifax,Calderdale,West Yorkshire,HX29TZ,42.7,2021-2022,Calderdale 001D,CALDERDALE
107589,The William Henry Smith School and Sixth Form,Calderdale,West Yorkshire,HD63JW,3.5,2021-2022,Calderdale 024C,CALDERDALE
107782,All Saints Catholic College,Kirklees,West Yorkshire,HD22JT,47,2021-2022,Kirklees 022C,KIRKLEES
137424,Batley Girls High School,Kirklees,West Yorkshire,WF170LD,49,2021-2022,Kirklees 006E,KIRKLEES
137487,Batley Grammar School,Kirklees,West Yorkshire,WF170AD,47.9,2021-2022,Kirklees 006B,KIRKLEES
138111,BBG Academy,Kirklees,West Yorkshire,BD194BE,52.9,2021-2022,Kirklees 001A,KIRKLEES
132732,Brian Jackson College,Kirklees,West Yorkshire,WF160AD,0.8,2021-2022,Kirklees 011G,KIRKLEES
142330,Cambridge Street School,Kirklees,West Yorkshire,WF175QW,30.5,2021-2022,Kirklees 010B,KIRKLEES
146367,Castle Hall Academy,Kirklees,West Yorkshire,WF149PH,48.6,2021-2022,Kirklees 026B,KIRKLEES
140660,Colne Valley High School,Kirklees,West Yorkshire,HD75SP,46,2021-2022,Kirklees 049A,KIRKLEES
136283,Heckmondwike Grammar School,Kirklees,West Yorkshire,WF160AH,78.4,2021-2022,Kirklees 011G,KIRKLEES
107769,Holmfirth High School,Kirklees,West Yorkshire,HD97SE,56.3,2021-2022,Kirklees 059F,KIRKLEES
146906,Honley High School,Kirklees,West Yorkshire,HD96QJ,50.6,2021-2022,Kirklees 053A,KIRKLEES
107786,Huddersfield Grammar School,Kirklees,West Yorkshire,HD14QX,59.7,2021-2022,Kirklees 039B,KIRKLEES
107791,Institute of Islamic Education,Kirklees,West Yorkshire,WF129NG,59.3,2021-2022,Kirklees 024B,KIRKLEES
143227,Joseph Norton Academy,Kirklees,West Yorkshire,HD89JU,11.4,2021-2022,Kirklees 057A,KIRKLEES
138706,King James's School,Kirklees,West Yorkshire,HD46SG,51.6,2021-2022,Kirklees 044B,KIRKLEES
107794,Madni Academy,Kirklees,West Yorkshire,WF129AY,40.8,2021-2022,Kirklees 024F,KIRKLEES
139076,Manor Croft Academy,Kirklees,West Yorkshire,WF127DW,48.8,2021-2022,Kirklees 018F,KIRKLEES
136674,The Mirfield Free Grammar,Kirklees,West Yorkshire,WF149EZ,51.5,2021-2022,Kirklees 021C,KIRKLEES
137500,Moor End Academy,Kirklees,West Yorkshire,HD45JA,49.8,2021-2022,Kirklees 047D,KIRKLEES
107756,Netherhall Learning Campus High School,Kirklees,West Yorkshire,HD59PG,36.5,2021-2022,Kirklees 035A,KIRKLEES
147888,Newsome Academy,Kirklees,West Yorkshire,HD46JN,39.9,2021-2022,Kirklees 048C,KIRKLEES
136502,North Huddersfield Trust School,Kirklees,West Yorkshire,HD21DJ,35.8,2021-2022,Kirklees 029B,KIRKLEES
144857,Pivot Academy,Kirklees,West Yorkshire,BD195LJ,1.4,2021-2022,Kirklees 005C,KIRKLEES
107799,Ravenshall School,Kirklees,West Yorkshire,WF129EE,1.3,2021-2022,Kirklees 023E,KIRKLEES
144811,Rida Girls High School,Kirklees,West Yorkshire,WF129LX,69.4,2021-2022,Kirklees 024B,KIRKLEES
146327,"Royds Hall,  A Share Academy",Kirklees,West Yorkshire,HD34HA,43.1,2021-2022,Kirklees 039D,KIRKLEES
141470,St John Fisher Catholic Voluntary Academy,Kirklees,West Yorkshire,WF134LL,37.9,2021-2022,Kirklees 017E,KIRKLEES
137869,Salendine Nook High School Academy,Kirklees,West Yorkshire,HD34GN,52.2,2021-2022,Kirklees 038C,KIRKLEES
137352,"Shelley College, A Share Academy",Kirklees,West Yorkshire,HD88NL,55.1,2021-2022,Kirklees 056A,KIRKLEES
107801,Southgate School,Kirklees,West Yorkshire,HD58TG,0.2,2021-2022,Kirklees 040A,KIRKLEES
107778,Spen Valley High School,Kirklees,West Yorkshire,WF157LX,40.9,2021-2022,Kirklees 015A,KIRKLEES
146365,"Thornhill Community Academy, A Share Academy",Kirklees,West Yorkshire,WF120HE,48.4,2021-2022,Kirklees 028E,KIRKLEES
142406,Upper Batley High School,Kirklees,West Yorkshire,WF170BJ,45.6,2021-2022,Kirklees 010B,KIRKLEES
107775,Westborough High School,Kirklees,West Yorkshire,WF132JE,45.5,2021-2022,Kirklees 016C,KIRKLEES
107780,Whitcliffe Mount School,Kirklees,West Yorkshire,BD193AQ,43.8,2021-2022,Kirklees 005D,KIRKLEES
107797,Woodley School and College,Kirklees,West Yorkshire,HD58JE,1.1,2021-2022,Kirklees 042A,KIRKLEES
137083,Abbey Grange Church of England Academy,Leeds,West Yorkshire,LS165EA,59.8,2021-2022,Leeds 033E,LEEDS
108058,Allerton Grange School,Leeds,West Yorkshire,LS176SF,48.4,2021-2022,Leeds 023B,LEEDS
108057,Allerton High School,Leeds,West Yorkshire,LS177AG,55,2021-2022,Leeds 018C,LEEDS
108083,Benton Park School,Leeds,West Yorkshire,LS196LX,46.7,2021-2022,Leeds 014B,LEEDS
144809,Bishop Young Church of England Academy,Leeds,West Yorkshire,LS146NU,42.8,2021-2022,Leeds 040E,LEEDS
146217,Boston Spa Academy,Leeds,West Yorkshire,LS236RW,58.7,2021-2022,Leeds 005A,LEEDS
143238,Brigshaw High School,Leeds,West Yorkshire,WF102HR,51.2,2021-2022,Leeds 103B,LEEDS
108123,Broomfield South SILC,Leeds,West Yorkshire,LS103JP,0.3,2021-2022,Leeds 094D,LEEDS
142056,Bruntcliffe Academy,Leeds,West Yorkshire,LS270LZ,51.6,2021-2022,Leeds 106A,LEEDS
108095,Cardinal Heenan Catholic High School,Leeds,West Yorkshire,LS64QE,58,2021-2022,Leeds 025A,LEEDS
108059,Carr Manor Community School,Leeds,West Yorkshire,LS175DJ,48.9,2021-2022,Leeds 025A,LEEDS
145927,Cockburn John Charles Academy,Leeds,West Yorkshire,LS102JU,46.6,2021-2022,Leeds 092A,LEEDS
142585,Cockburn School,Leeds,West Yorkshire,LS115TT,47.6,2021-2022,Leeds 091E,LEEDS
137065,Co-op Academy Leeds,Leeds,West Yorkshire,LS97HD,29.7,2021-2022,Leeds 064E,LEEDS
144588,Co-op Academy Priesthorpe,Leeds,West Yorkshire,LS285SG,49.3,2021-2022,Leeds 066B,LEEDS
148294,"Corpus Christi Catholic College, A Voluntary Academy",Leeds,West Yorkshire,LS90TT,41.9,2021-2022,Leeds 072C,LEEDS
138304,Crawshaw Academy,Leeds,West Yorkshire,LS289HU,45.7,2021-2022,Leeds 079A,LEEDS
146363,Dixons Unity Academy,Leeds,West Yorkshire,LS123DS,32.9,2021-2022,Leeds 078B,LEEDS
137577,The Farnley Academy,Leeds,West Yorkshire,LS125EU,53,2021-2022,Leeds 083D,LEEDS
108117,Fulneck School,Leeds,West Yorkshire,LS288DS,35.6,2021-2022,Leeds 076B,LEEDS
136343,Garforth Academy,Leeds,West Yorkshire,LS251LJ,54.1,2021-2022,Leeds 087D,LEEDS
108104,Gateways School,Leeds,West Yorkshire,LS179LE,53,2021-2022,Leeds 006A,LEEDS
108113,The Grammar School At Leeds,Leeds,West Yorkshire,LS178GS,45.2,2021-2022,Leeds 012B,LEEDS
148654,Green Meadows Academy,Leeds,West Yorkshire,LS208LS,5.8,2021-2022,Leeds 008D,LEEDS
108085,Guiseley School,Leeds,West Yorkshire,LS208DT,55.5,2021-2022,Leeds 009C,LEEDS
137775,Horsforth School,Leeds,West Yorkshire,LS185RF,59.9,2021-2022,Leeds 021C,LEEDS
148793,John Smeaton Academy,Leeds,West Yorkshire,LS158TA,34.8,2021-2022,Leeds 057E,LEEDS
108055,Lawnswood School,Leeds,West Yorkshire,LS165AG,42.7,2021-2022,Leeds 109A,LEEDS
139646,Leeds City Academy,Leeds,West Yorkshire,LS62LG,37.5,2021-2022,Leeds 110E,LEEDS
135771,Luminate Education Group,Leeds,West Yorkshire,LS31AA,12.4,2021-2022,Leeds 063B,LEEDS
136826,Leeds East Academy,Leeds,West Yorkshire,LS146TY,37.8,2021-2022,Leeds 050B,LEEDS
139773,Leeds Jewish Free School,Leeds,West Yorkshire,LS177TN,58.9,2021-2022,Leeds 018A,LEEDS
135935,Leeds West Academy,Leeds,West Yorkshire,LS131DQ,42.6,2021-2022,Leeds 052B,LEEDS
138380,Lighthouse School Leeds,Leeds,West Yorkshire,LS166QB,3,2021-2022,Leeds 019B,LEEDS
136392,The Morley Academy,Leeds,West Yorkshire,LS270PD,56.7,2021-2022,Leeds 104B,LEEDS
108097,Mount St Mary's Catholic High School,Leeds,West Yorkshire,LS98LA,49.3,2021-2022,Leeds 075E,LEEDS
137704,Otley Prince Henry's Grammar School Specialist Language College,Leeds,West Yorkshire,LS212BB,58.4,2021-2022,Leeds 003C,LEEDS
148527,Oulton Academy,Leeds,West Yorkshire,LS268EX,47.2,2021-2022,Leeds 100D,LEEDS
108079,Pudsey Grammar School,Leeds,West Yorkshire,LS287ND,48.4,2021-2022,Leeds 079E,LEEDS
108075,Ralph Thoresby School,Leeds,West Yorkshire,LS167RX,46.1,2021-2022,Leeds 017A,LEEDS
138336,Rodillian Academy,Leeds,West Yorkshire,WF33PS,46.3,2021-2022,Leeds 105D,LEEDS
108076,Roundhay School,Leeds,West Yorkshire,LS81ND,52.8,2021-2022,Leeds 032B,LEEDS
140565,The Ruth Gorse Academy,Leeds,West Yorkshire,LS101HW,48.8,2021-2022,Leeds 112D,LEEDS
139351,"St. Mary's Menston, a Catholic Voluntary Academy",Leeds,West Yorkshire,LS296AE,57.5,2021-2022,Leeds 008D,LEEDS
142630,Springwell Leeds Academy,Leeds,West Yorkshire,LS103JA,1.9,2021-2022,Leeds 092D,LEEDS
141883,Temple Learning Academy,Leeds,West Yorkshire,LS150NN,29,2021-2022,Leeds 072D,LEEDS
146247,Temple Moor High School,Leeds,West Yorkshire,LS150PT,49,2021-2022,Leeds 069C,LEEDS
142604,University Technical College Leeds,Leeds,West Yorkshire,LS101LA,42.9,2021-2022,Leeds 112D,LEEDS
134884,West Specialist Inclusive Learning Centre,Leeds,West Yorkshire,LS286HL,2.6,2021-2022,Leeds 052C,LEEDS
108088,Wetherby High School,Leeds,West Yorkshire,LS226JS,53.3,2021-2022,Leeds 002D,LEEDS
108114,Woodhouse Grove School,Leeds,West Yorkshire,BD100NR,16.8,2021-2022,Leeds 027C,LEEDS
137383,Woodkirk Academy,Leeds,West Yorkshire,WF31JQ,55.3,2021-2022,Leeds 106E,LEEDS
108300,Ackworth School,Wakefield,West Yorkshire,WF77LT,41.2,2021-2022,Wakefield 034D,WAKEFIELD
136613,Airedale Academy,Wakefield,West Yorkshire,WF103JU,41.1,2021-2022,Wakefield 003A,WAKEFIELD
139501,Carleton High School,Wakefield,West Yorkshire,WF83NW,50.5,2021-2022,Wakefield 023D,WAKEFIELD
136633,Castleford Academy,Wakefield,West Yorkshire,WF104JQ,52.8,2021-2022,Wakefield 002B,WAKEFIELD
137001,Crofton Academy,Wakefield,West Yorkshire,WF41NF,49.1,2021-2022,Wakefield 032A,WAKEFIELD
138006,De Lacy Academy,Wakefield,West Yorkshire,WF110BZ,48.7,2021-2022,Wakefield 010A,WAKEFIELD
131136,Denby Grange School,Wakefield,West Yorkshire,WF44JG,4.1,2021-2022,Wakefield 035D,WAKEFIELD
138593,The Featherstone Academy,Wakefield,West Yorkshire,WF75AJ,39.3,2021-2022,Wakefield 027A,WAKEFIELD
141860,Hall Cliffe School,Wakefield,West Yorkshire,WF46BB,6.4,2021-2022,Wakefield 029E,WAKEFIELD
131526,High Well School,Wakefield,West Yorkshire,WF82DD,1.8,2021-2022,Wakefield 018C,WAKEFIELD
138707,Horbury Academy,Wakefield,West Yorkshire,WF45HE,50.9,2021-2022,Wakefield 031C,WAKEFIELD
108271,Kettlethorpe High School,Wakefield,West Yorkshire,WF27EL,51.9,2021-2022,Wakefield 037C,WAKEFIELD
139500,The King's School,Wakefield,West Yorkshire,WF84JF,52.6,2021-2022,Wakefield 023C,WAKEFIELD
135216,Meadowcroft School,Wakefield,West Yorkshire,WF14AD,1,2021-2022,Wakefield 007D,WAKEFIELD
137011,Minsthorpe Community College,Wakefield,West Yorkshire,WF92UJ,44.4,2021-2022,Wakefield 043A,WAKEFIELD
136462,Ossett Academy and Sixth Form College,Wakefield,West Yorkshire,WF50DG,46.9,2021-2022,Wakefield 025A,WAKEFIELD
136394,Outwood Academy City Fields,Wakefield,West Yorkshire,WF14SF,44.6,2021-2022,Wakefield 020C,WAKEFIELD
145937,Outwood Academy Freeston,Wakefield,West Yorkshire,WF61HZ,49.8,2021-2022,Wakefield 013D,WAKEFIELD
145938,Outwood Academy Hemsworth,Wakefield,West Yorkshire,WF94AB,38.8,2021-2022,Wakefield 042A,WAKEFIELD
135961,Outwood Grange Academy,Wakefield,West Yorkshire,WF12PF,50.5,2021-2022,Wakefield 014B,WAKEFIELD
108306,Queen Elizabeth Grammar School,Wakefield,West Yorkshire,WF13QX,47.4,2021-2022,Wakefield 017B,WAKEFIELD
138950,"St Thomas ï¿½ Becket Catholic Secondary School, A Voluntary Academy",Wakefield,West Yorkshire,WF26EQ,47.6,2021-2022,Wakefield 033B,WAKEFIELD
138951,St Wilfrid's Catholic High School & Sixth Form College: A Voluntary Academy,Wakefield,West Yorkshire,WF76BD,49.6,2021-2022,Wakefield 024C,WAKEFIELD
108303,Silcoates School,Wakefield,West Yorkshire,WF20PD,33.5,2021-2022,Wakefield 014E,WAKEFIELD
145579,Trinity Academy Cathedral,Wakefield,West Yorkshire,WF28QF,47.9,2021-2022,Wakefield 028D,WAKEFIELD
108305,Wakefield Girls' High School,Wakefield,West Yorkshire,WF12QS,71.8,2021-2022,Wakefield 019B,WAKEFIELD
108307,Wakefield independent sch,Wakefield,West Yorkshire,WF41QG,41.1,2021-2022,Wakefield 032B,WAKEFIELD
